-- phpMyAdmin SQL Dump
-- version 5.2.1
-- https://www.phpmyadmin.net/
--
-- Host: 127.0.0.1
-- Generation Time: Apr 14, 2026 at 06:14 AM
-- Server version: 10.4.32-MariaDB
-- PHP Version: 8.2.12

SET SQL_MODE = "NO_AUTO_VALUE_ON_ZERO";
START TRANSACTION;
SET time_zone = "+00:00";


/*!40101 SET @OLD_CHARACTER_SET_CLIENT=@@CHARACTER_SET_CLIENT */;
/*!40101 SET @OLD_CHARACTER_SET_RESULTS=@@CHARACTER_SET_RESULTS */;
/*!40101 SET @OLD_COLLATION_CONNECTION=@@COLLATION_CONNECTION */;
/*!40101 SET NAMES utf8mb4 */;

--
-- Database: `user_system`
--

-- --------------------------------------------------------

--
-- Table structure for table `mobil`
--

CREATE TABLE `mobil` (
  `id_mobil` int(11) NOT NULL,
  `nama_mobil` varchar(100) NOT NULL,
  `harga_mobil` int(15) NOT NULL
) ENGINE=InnoDB DEFAULT CHARSET=utf8mb4 COLLATE=utf8mb4_general_ci;

--
-- Dumping data for table `mobil`
--

INSERT INTO `mobil` (`id_mobil`, `nama_mobil`, `harga_mobil`) VALUES
(1, 'Porsche 911', 2147483647),
(2, 'BMW M4', 2100000000),
(3, 'Mini Cooper', 950000000);

-- --------------------------------------------------------

--
-- Table structure for table `pembeli`
--

CREATE TABLE `pembeli` (
  `id_pembeli` int(11) NOT NULL,
  `nama_pembeli` varchar(100) NOT NULL,
  `no_telp` varchar(20) DEFAULT NULL
) ENGINE=InnoDB DEFAULT CHARSET=utf8mb4 COLLATE=utf8mb4_general_ci;

--
-- Dumping data for table `pembeli`
--

INSERT INTO `pembeli` (`id_pembeli`, `nama_pembeli`, `no_telp`) VALUES
(1, 'Aris Nugraha', '08123456789'),
(2, 'Dewi Lestari', '08571234567'),
(3, 'Rian Alfian', '08998765432');

-- --------------------------------------------------------

--
-- Table structure for table `transaksi`
--

CREATE TABLE `transaksi` (
  `id_transaksi` int(11) NOT NULL,
  `id_mobil` int(11) NOT NULL,
  `id_pembeli` int(11) NOT NULL,
  `tgl_transaksi` date NOT NULL,
  `total_bayar` int(15) NOT NULL
) ENGINE=InnoDB DEFAULT CHARSET=utf8mb4 COLLATE=utf8mb4_general_ci;

--
-- Dumping data for table `transaksi`
--

INSERT INTO `transaksi` (`id_transaksi`, `id_mobil`, `id_pembeli`, `tgl_transaksi`, `total_bayar`) VALUES
(1, 1, 1, '2026-04-14', 2147483647),
(2, 2, 2, '2026-04-14', 2100000000),
(3, 2, 2, '2026-04-14', 2100000000),
(4, 1, 1, '2026-04-14', 2147483647),
(5, 1, 1, '2026-04-14', 2147483647),
(6, 1, 2, '2026-04-14', 2147483647),
(8, 1, 3, '2026-04-03', 2147483647),
(10, 1, 1, '2026-04-14', 2147483647);

-- --------------------------------------------------------

--
-- Table structure for table `users`
--

CREATE TABLE `users` (
  `id` int(11) NOT NULL,
  `username` varchar(50) NOT NULL,
  `password` varchar(32) NOT NULL
) ENGINE=InnoDB DEFAULT CHARSET=utf8mb4 COLLATE=utf8mb4_general_ci;

--
-- Dumping data for table `users`
--

INSERT INTO `users` (`id`, `username`, `password`) VALUES
(1, 'admin', '0192023a7bbd73250516f069df18b500');

--
-- Indexes for dumped tables
--

--
-- Indexes for table `mobil`
--
ALTER TABLE `mobil`
  ADD PRIMARY KEY (`id_mobil`);

--
-- Indexes for table `pembeli`
--
ALTER TABLE `pembeli`
  ADD PRIMARY KEY (`id_pembeli`);

--
-- Indexes for table `transaksi`
--
ALTER TABLE `transaksi`
  ADD PRIMARY KEY (`id_transaksi`),
  ADD KEY `id_mobil` (`id_mobil`),
  ADD KEY `id_pembeli` (`id_pembeli`);

--
-- Indexes for table `users`
--
ALTER TABLE `users`
  ADD PRIMARY KEY (`id`);

--
-- AUTO_INCREMENT for dumped tables
--

--
-- AUTO_INCREMENT for table `mobil`
--
ALTER TABLE `mobil`
  MODIFY `id_mobil` int(11) NOT NULL AUTO_INCREMENT, AUTO_INCREMENT=4;

--
-- AUTO_INCREMENT for table `pembeli`
--
ALTER TABLE `pembeli`
  MODIFY `id_pembeli` int(11) NOT NULL AUTO_INCREMENT, AUTO_INCREMENT=4;

--
-- AUTO_INCREMENT for table `transaksi`
--
ALTER TABLE `transaksi`
  MODIFY `id_transaksi` int(11) NOT NULL AUTO_INCREMENT, AUTO_INCREMENT=11;

--
-- AUTO_INCREMENT for table `users`
--
ALTER TABLE `users`
  MODIFY `id` int(11) NOT NULL AUTO_INCREMENT, AUTO_INCREMENT=2;

--
-- Constraints for dumped tables
--

--
-- Constraints for table `transaksi`
--
ALTER TABLE `transaksi`
  ADD CONSTRAINT `transaksi_ibfk_1` FOREIGN KEY (`id_mobil`) REFERENCES `mobil` (`id_mobil`) ON DELETE CASCADE,
  ADD CONSTRAINT `transaksi_ibfk_2` FOREIGN KEY (`id_pembeli`) REFERENCES `pembeli` (`id_pembeli`) ON DELETE CASCADE;
COMMIT;

/*!40101 SET CHARACTER_SET_CLIENT=@OLD_CHARACTER_SET_CLIENT */;
/*!40101 SET CHARACTER_SET_RESULTS=@OLD_CHARACTER_SET_RESULTS */;
/*!40101 SET COLLATION_CONNECTION=@OLD_COLLATION_CONNECTION */;
